{
  "coordinate_space": "norm",
  "aois": [
    {
      "name": "AOI_1",
      "x0": 0.10272727272727272,
      "y0": 0.1688063844552394,
      "x1": 0.3118181818181818,
      "y1": 0.3582581540596808
    },
    {
      "name": "AOI_2",
      "x0": 0.08272727272727273,
      "y0": 0.7250173490631506,
      "x1": 0.6500000000000001,
      "y1": 0.8974670367800139
    },
    {
      "name": "AOI_3",
      "x0": 0.7718181818181817,
      "y0": 0.44326856349757116,
      "x1": 0.8772727272727272,
      "y1": 0.7250173490631505
    },
    {
      "name": "AOI_4",
      "x0": 0.5372727272727273,
      "y0": 0.05464954892435808,
      "x1": 0.9027272727272728,
      "y1": 0.23195697432338655
    }
  ]
}